{"weights": [3.3419711327649297, 0.0, 0.0, 0.0, 0.0, 0.0, 1.1633670742895554, 0.0, 0.15472501684437331, -0.004111232916636342, -0.49134463303250964, -0.42937876855645063, -0.07334347770238532, -0.04926185934882357, 0.0, 0.0, -0.011173322855935136, -10.745715438946027, 0.0, -6.800696412644635, -3.1105816775830406, 8.841722298253542, 1.1979267130556872, 2.785724502707696, 4.006327939321177, 3.7645310779475047, -1.2966640269180734, 0.9109073089711202], "bias": -7.140729195783719, "lr": 0.05, "iters": 800}